<?xml version="1.0"?>

<!--
  ~ Copyright 2008-present MongoDB, Inc.
  ~
  ~ Licensed under the Apache License, Version 2.0 (the "License");
  ~ you may not use this file except in compliance with the License.
  ~ You may obtain a copy of the License at
  ~
  ~   http://www.apache.org/licenses/LICENSE-2.0
  ~
  ~ Unless required by applicable law or agreed to in writing, software
  ~ distributed under the License is distributed on an "AS IS" BASIS,
  ~ WITHOUT WARRANTIES OR CONDITIONS OF ANY KIND, either express or implied.
  ~ See the License for the specific language governing permissions and
  ~ limitations under the License.
  -->

<!DOCTYPE suppressions PUBLIC
        "-//Puppy Crawl//DTD Suppressions 1.1//EN"
        "http://www.puppycrawl.com/dtds/suppressions_1_1.dtd">
<suppressions>
    <suppress checks="LineLength" files=".*MongoSinkTopicConfig.java"/>
    <suppress checks="MethodLength" files=".*MongoSinkTopicConfig.java"/>
    <suppress checks="MethodLength" files=".*MongoSourceConfig.java"/>
    <suppress checks="LineLength" files=".*RecordConverterTest.java"/>
    <suppress checks="LineLength" files=".*TaskStatistics.java"/>
    <suppress checks="MethodLength" files=".*RecordConverterTest.java"/>

    <suppress checks="Javadoc*" files="com[\\/]mongodb[\\/]kafka[\\/]connect[\\/]"/>

    <suppress checks="VisibilityModifier" files=".*FieldnameMapping.java"/>
    <suppress checks="VisibilityModifier" files=".*RegExpSettings.java"/>
    <suppress checks="VisibilityModifier" files=".*RenameByRegExp.java"/>

    <!-- Versions (generated code) -->
    <suppress checks="[a-zA-Z0-9]*" files="com[\\/]mongodb[\\/]kafka[\\/]connect[\\/]Versions.java" />

    <!--Test code-->
    <suppress checks="[a-zA-Z0-9]*" files="com[\\/]mongodb[\\/]kafka[\\/]connect[\\/]avro[\\/]" />
    <suppress checks="[a-zA-Z0-9]*" files="com[\\/]mongodb[\\/]kafka[\\/]connect[\\/]embedded[\\/]" />
    <suppress checks="[a-zA-Z0-9]*" files="com[\\/]mongodb[\\/]kafka[\\/]connect[\\/]mongodb[\\/]" />
    <suppress checks="MethodLength" files=".*DefaultTopicMapperTest.java"/>
</suppressions>
